GROUP;CODE;EN;DE;SP;FR;XXX
WORDS;SITEDEMONSTRATION;Site for Demonstration;Site for Demonstration;Sitio de demostración;Site for Demonstration;
WORDS;WELCOME;Welcome;Willkommen;Bienvenido;Bienvenue;
WORDS;S;Yes;Ya;Sí;Oui;
WORDS;N;No;No;No;Non;
WORDS;START;Start;Start;Inicio;Commencer;
WORDS;HOME;Home;Home;Inicio;Accueil;
WORDS;BACK;Go Back;Go Back;Volver;Revenir;
WORDS;GOBACK;Go Back;Go Back;Volver;Revenir;
WORDS;LINK;Link;Link;Vínculo;Lien;
WORDS;URL;Url;Url;Url;Url;
WORDS;SETUP;Setup;Setup;Configuración;Installation;
WORDS;LOGIN;Login;Sich registrieren;Iniciar sesión;Se connecter;
WORDS;SIGNIN;Sign in;Anmelden;Iniciar sesión;Connexion;
WORDS;SIGNOUT;Sign out;Abmelden;Desconectarse;Se déconnecter;
WORDS;UNREGISTER;Close account;Close account;Cerrar esta cuenta;Fermer ce compte;
WORDS;SIGNUP;Sign up;Neues Konto;Registrarse;Inscription;
WORDS;REGISTER;Register;Neues Konto;Registrarse;Créer un compte;
WORDS;NEWSLETTER;Newsletter;Newsletter;Newsletter;Newsletter;
WORDS;LOGOUT;Logout;Logout;Cerrar sesión;Se déconnecter;
WORDS;USERS;USERNAME;USERNAME;Usuario;Nom de client;
WORDS;NEWPASSWORD;New password;Neues passwort;Contraseña nueva;Nouveau mot de passe;
WORDS;PASSWORD;Password;Passwort;Contraseña;Mot de passe;
WORDS;CONFIRMPASSWORD;Confirm password;Passwort bestätigen;Confirmar contraseña;Confirmer le mot de passe;
WORDS;REMEMBERME;Remember me;Remember me;Recordarme;Rappeller moi;
WORDS;ENTER;Enter;Enter;Entrar;Entrer;
WORDS;OK;OK;OK;OK;OK;
WORDS;WARNING;Warning;Warning;Atención;Attention;
WORDS;CANCEL;Cancel;Annullieren;Cancelar;Annulation;
WORDS;CANCELLED;Cancelled;Storniert;Cancelado;Annulée;
WORDS;THE;the;the;el;le;
WORDS;THEPLURAL;the;the;los;les;
WORDS;IN;in;in;en;dans;
WORDS;ON;on;on;prendido;allumé;
WORDS;BY;by;by;por;par;
WORDS;ALL;All;Alle;Todos;Tout;
WORDS;SAVE;SAVE;SCHÜTZEN;GUARDAR;SAUVEGARDER;
WORDS;DATESTR;DATE (yyyy-mm-dd);DATUM (yyyy-mm-dd);FECHA (aaaa-mm-dd);DATE (aaaa-mm-jj);
WORDS;ADMINISTRATION;Administration;Verwaltung;Administración;Administration;
WORDS;GENERALPARAMETERS;General Parameters;General Parameters;Parámetros generales;Paramètres généraux;
WORDS;MAINTENANCEFUNCTIONS;Maintenance functions;Maintenance functions;Funciones de mantenimiento;Fonctions de maintenance;
WORDS;SECTIONSTREE;Sections tree;Sections tree;Arbol de secciones;Sections organigramme;
WORDS;USER;User;User;usuario;Administrateur;
WORDS;USERS;Users;Users;Usuarios;Clients;
WORDS;OLDUSER;Registered User;Registered User;Usuario registrado;Client enregistré;
WORDS;NEWUSER;New User ?;New User ?;usuario nuevo?;Nouveau Client ?;
WORDS;ADMINISTRATOR;Administrator;Administrator;Administrador;Administrateur;
WORDS;ADMINISTRATORS;Administrators;Administrators;Administradores;Administrateurs;
WORDS;REGISTEREDUSERS;Registered Users;Registered Users;Usuarios Registrados;Clients enregistrés;
WORDS;QUERY;Query;Query;Consulta;Requête;
WORDS;TEXTTOSEARCH;Text to search;Text to search;Texto a buscar;Texte à chercher;
WORDS;FROM;from;from;desde;de;
WORDS;TO;to;to;hasta;à;
WORDS;OF;of;of;de;de;
WORDS;RESULTS;results;Ergebnisse;resultados;résultats;
WORDS;RESULTSPAGES;Pages;Seite;Páginas de resultados;Pages;
WORDS;FIRSTPAGE;First Page;Erste Seite;Primera Página;Première Page;
WORDS;LASTPAGE;Last Page;Letzte Seite;Última Página;Dernière page;
WORDS;PREVPAGE;Previous page;Vorige Seite;Página anterior;Page Précédente;
WORDS;NEXTPAGE;Next page;Nächste Seite;Próxima Página;Page suivante;
WORDS;NORESULTS;No results.;No results.;Sin resultados;Indisponible;
WORDS;ORDERBY;Order by;Order by;Ordenar por;filtré par;
WORDS;SELECTCONTENT;Select content;Select content;Seleccionar contenido;Selectionner contenu;
WORDS;CLEANFILES;Clean Files no longer used;Clean Files no longer used;Eliminar archivos sin usar;Efface les Fichiers non utilisés;
WORDS;CLEANOUTDATED;Clean Outdated Contents;Clean Outdated Contents;Eliminar contenidos vencidos;Clean Outdated Contents;
WORDS;NEXT;Next;Nächster;Siguiente;Suivant;
WORDS;PREVIOUS;Previous;Zurück;Anterior;Antérieur;
WORDS;NEXTPAGE;Next page;Nächste Seite;Siguiente página;Page suivante;
WORDS;PREVIOUSPAGE;Previous page;Vorige Seite;Página anterior;Page précédante;
WORDS;ITEMSPERPAGE;Res. per page;Ergebnisse pro Seite;Res. por página;Rés. par page;
WORDS;SEARCH;Search;Suche;Buscar;Chercher;
WORDS;FILTERED;Filtered;Filtered;Filtrado;Filtré;
WORDS;FILTEREDBY;Filtered by;Filtered by;Filtrado por;Filtré par;
WORDS;NAME;Name;Vorname;Nombre;Nom;
WORDS;SUBJECT;Subject;Subjekt;Asunto;Sujet;
WORDS;COMMENT;Questions or comment(s);Kommentar;Comentario;Commentaire;
WORDS;MESSAGE;Message;Anmerkungen;Mensaje;Message;
WORDS;SEND;Send;Abschicken;Enviar;Envoyer;
WORDS;FILLTHEFORM;Fill the form and press Send button.;Fill the form and press Send button.;Complete sus datos.;Remplissez le formulaire et appuyez sur le bouton Envoyer.;
WORDS;YES;Yes;Ja;Sí;Oui;
WORDS;NO;No;Nein;No;Non;
WORDS;ADD;Add;Hinzufügen;Agregar;Ajouter;
WORDS;MODIFY;Modify;Modifizieren;Modificar;Modifier;
WORDS;DELETE;Delete;Annullieren;Borrar;Supprimer;
WORDS;NAME;Name;Vorname;Nombre;Nom;
WORDS;SUBJECT;Subject;Subjeckt;Asunto;Sujet;
WORDS;COMMENT;Comment;Kommentar;Comentario;Commentaire;
WORDS;MESSAGE;Message;Anmerkungen;Mensaje;Message;
WORDS;SEND;Send;Abschicken;Enviar;Envoyer;
WORDS;FILLTHEFORM;Fill the form and press Send button.;Fill the form and press Send button.;Complete sus datos.;;
WORDS;VISITED;Visited;Visited;Visitantes;Visiteurs;
WORDS;TIMES;times;times;veces;fois;
WORDS;SELECTALL;Select/Unselect all;Select/Unselect all;Seleccionar todo/nada;Tout/Rien cocher;
WORDS;APPLYTOSELECTION;Apply to selection;Apply to selection;Aplicar a la selección;Appliquer a la sélection;
WORDS;DELETESELECTION;Delete selection;Delete selection;Borrar selección;Effacer selection;
WORDS;DELETEALL;Delete all;Delete all;Borrar todo;Effacer tout;
WORDS;LIST;List;List;Listar;Génerer la liste;
WORDS;LISTMAILS;List mails;List mails;Listar direcciones de correo electrónico;Génerer la liste des emails;
WORDS;ACTIVATE;Activate;Activate;Habilitar;Activer;
WORDS;DEACTIVATE;Deactivate;Deactivate;Deshabilitar;Désactiver;
WORDS;FORGOTPASSWORD;Forgot Password ?;Passwort vergessen ?;¿Olvidó su contraseña?;Mot de passe oublié ?;
WORDS;CONCEPTION;Conception;Conception;Concepción;Conception;
WORDS;MOREINFO;More info;Mehr Details;Más info;Plus de détails;
WORDS;INSCRIPTION;Inscription;Inscription;Inscripción;Inscription;
WORDS;UPLOAD;Upload;Hochladen;Subir;Télécharger;
WORDS;SAVE;Save;Validieren;Guardar;Validez;
WORDS;VALIDATEYOURADD;Validate your ad;Validieren sie ihr;Validar su aviso;Valider votre annonce;
WORDS;MAX;Max;Max;Max;Max;
WORDS;RECORDS;records;records;registros;enregistrements;
WORDS;ALLTHERECORDS;All the records;All the records;Todos los registros;Tout les enregistrements;

;;;;;;
SHOP;;;;;;
SHOP;ARTICLE;product;product;artículo;article;
SHOP;ARTICLEPRICE;Price;Price;Precio unitario;Tarif unitaire;
SHOP;ARTICLENUMBER;Number;Number;Número;Quantité;
SHOP;ARTICLES;products;products;artículos;articles;
SHOP;ADDTOCART;Add to cart;Add to cart;Agregar al canasto;Ajouter a votre panier;
SHOP;ADDTOCARTCONFIRMATION;One product have been added to your shopping list;One product have been added to your shopping list;Un artículo fue agregado al canasto.;Un article a été ajouté a votre panier;
SHOP;BACKTOSHOPLIST;Bask to shopping list;Bask to shopping list;Volver al canasto;Revenir sur le panier.;
SHOP;SHOPPINGLIST;Shopping List;Shopping List;Su canasto;Votre panier;
SHOP;GOTOSHOPPINGLIST;Go to Shopping List;Go to Shopping List;Consulte su canasto;Consultez votre panier;
SHOP;SHOPPINGLISTITEMS;Your shopping list have;Your shopping list have;Su canasto contiene;Votre panier contient;
SHOP;ACCEPTCONDITIONS;I have read and accept the;I have read and accept the;Reconozco haber tomado conocimiento de las;Je reconnais avoir pris connaissance des;
SHOP;MUSTACCEPTCONDITIONS;You must have read and accept the Terms and Conditions.;You must have read and accept the Terms and Conditions.;Debe leer y aceptar las condiciones de uso.;Pour continuer, vous devez lire et accepter les Conditions Générales de Vente.;
SHOP;CONDITIONS;Terms & Conditions;Terms and Conditions;condiciones y términos de uso;Conditions Générales;
SHOP;TERMSOFSALE;Terms & Conditions;AGB;Términos de venta y entrega;Conditions Générales de Vente;
SHOP;PRIVACYPOLICY;Privacy policy;Datenschutz;Política de privacidad;Charte de confidentialité;
SHOP;CHOOSEYOURCARD;Choose a card;Choose a card;Elija una tarjeta de crédito;Choisissez votre carte pour effectuer la transaction.;
SHOP;COMMANDCONFIRMATION;Command confirmation;Command confirmation;Confirmación de su pedido;Confirmation de votre commande;
SHOP;SHIPPINGCOST;Shipping cost;Shipping cost;Costo de envío;Frais de port;
SHOP;SHIPPINGADDRESS;Shipping address;Shipping address;Dirección de envío;Adresse de livraison;
SHOP;CONTACTADDRESS;Contact address;Contact address;Dirección de contacto;Adresse de facturation;
SHOP;TOTAL;total;total;Total;Total;
SHOP;SUBTOTAL;subtotal;subtotal;Subtotal;Sous-total;
SHOP;;;;;;
SHOP;CLIENTMESSAGECONFIRMATIONBYCARD;;;;Bonjour {NOMBRE} {APELLIDO},;
SHOP;CLIENTMESSAGECONFIRMATIONBYCHECK;;;;Bonjour {NOMBRE} {APELLIDO},;
SHOP;RECEPTIONNOTIFICATION;;;;Avis de réception d'un paiement;
SHOP;RECEPTIONMESSAGENOTIFICATIONCLIENT;;;;{NOMBRE} {APELLIDO}<br>Adresse de livraison<br>{DIRECCION}<br>{PRODUCTS}<br>{TOTAL};
SHOP;RECEPTIONMESSAGENOTIFICATIONPRODUCT;;;;Produit: {PRODUCT}<br>Sous-total: {SUBTOTAL};
SHOP;RECEPTIONNOTIFICATIONBYCHECK;;;;Dans l'attente de réception du chèque de réglement.;
SHOP;RECEPTIONMESSAGENOTIFICATIONCLIENTBYCHECK;;;;Commande par Chèque:<br>{NOMBRE} {APELLIDO}<br>Adresse de livraison<br>{DIRECCION}<br>{PRODUCTS};
SHOP;RECEPTIONMESSAGENOTIFICATIONPRODUCTBYCHECK;;;;Produit: {PRODUCT}<br>Sous-total: {SUBTOTAL};
SHOP;CHECKADDRESS;;;;Adresse postale de votre réglement par chèque :;
SHOP;CLIENTLOGINFAILED;;;;Vos coordonnées n'ont pas pu être délivrées.;
;;;;;;
CONFIG;;;;;;
CONFIG;DATABASEACCESS;Database Access;Database Access;Base de Datos (Acceso);Base de Données (Accés);
CONFIG;DATABASETYPE;Database Type;Database Type;Tipo de DB;Type base de données;
CONFIG;DATABASENAME;Database Name;Database Name;Nombre de DB;Nom base de données;
CONFIG;DATABASESERVER;Database Server;Database Server;Servidor de DB;Serveur base de données;
CONFIG;DATABASEUSER;Database User;Database User;Usuario de DB;Utilisateur base de données;
CONFIG;DATABASEPASSWORD;Database password;Database password;Contraseña de DB;Mot de passe base de données;
CONFIG;FTPACCESS;FTP Access;FTP Access;FTP (Acceso);FTP (Accés);
CONFIG;FTPSERVER;Ftp Server;Ftp Server;Servidor Ftp;Serveur ftp;
CONFIG;FTPUSER;Ftp User;Ftp User;Usuario Ftp;Utilisateur ftp;
CONFIG;FTPPASSWORD;Ftp Password;Ftp Password;Contraseña de Ftp;Mot de passe ftp;
CONFIG;;;;;;
CONFIG;SITENAME;Site Name;Site Name;Nombre del sitio;Nom du site;
CONFIG;SITEWWW;Site Url;Site Url;Url del sitio;Url du site;
CONFIG;SITEACCESS;Site Access;Site Access;Sitio (Acceso);Site (Accés);
CONFIG;DOCROOT;Doc Root;Doc Root;Raiz absoluta;Racine absolut;
CONFIG;SITEROOT;Site Root;Site Root;Raiz del sitio;Racine du site;
CONFIG;;;;;;
CONFIG;DIR_ADMABS;Absolute Path to Admin;Absolute Path to Admin;Camino absoluto al Administrador;Chemin administrateur;
CONFIG;DIR_ADMREL;Relative Path to Admin;Relative Path to Admin;Camino relativo al Administrador;Chemin relatif administrateur;
CONFIG;DIR_SITEABS;Absolute Path to Site;Absolute Path to Site;Camino absoluto al Sitio;Chemin absolut au site;
CONFIG;DIR_SITEREL;Relative Path to Site;Relative Path to Site;Camino relativo al Sitio;Chemin relatif au site;
CONFIG;DIR_FTPREL;Relative Path to Ftp Directory;Relative Path to Ftp Directory;Camino relativo al Ftp;Chemin relatif au ftp;
CONFIG;;;;;;
CONFIG;DIRACCESS;Directory Access;Directory Access;Carpetas (Acceso);Dossiers (Accés);
CONFIG;DIR_ARCH;Files directory;Files directory;Directorio de Archivos;Fichiers principaux;
CONFIG;DIR_ARCH_IMG;Files directory (images);Files directory (images);Directorio de Archivos (Imágenes);Fichiers principaux (Images);
CONFIG;DIR_ARCH_DOC;Files directory (documents);Files directory (documents);Directorio de Archivos (Documentos);Fichiers principaux (Documentos);
CONFIG;DIR_SECTIONS;Secion directory;Secion directory;Directorio de Secciones;Section principale;
CONFIG;DIR_TMP;Tmp directory;Tmp directory;Directorio Temporal;Directoire temporel;
CONFIG;;;;;;
CONFIG;COLOR_BG;Colour background;Colour background;Color fondo;Couleur fond;
CONFIG;COLOR_FG;Colour foreground;Colour foreground;Color frente;Couleur face;
CONFIG;COLOR_INK;Colour ink;Colour ink;Color tinta;Couleur encre;
CONFIG;COLOR_INKHL;Colour ink highlight;Colour ink highlight;Color tinta highlight;Couleur encre highlight;
CONFIG;COLOR_BOX;Colour box background;Colour box background;Color caja fondo;Couleur cadre fond;
CONFIG;COLOR_BOXHL;Colour box background highlight;Colour box background highlight;Color caja fondo highlight;Colour cadre fond highlight;
CONFIG;MYSQL_PASSWORD_VERSION;MySQL password version;MySQL password version;Versión de password de MySQL;MySQL password version;
CONFIG;LANG;Language;Language;Idioma;Language;
CONFIG;ADMIN_TYPE;User Admin Type;User Admin Type;Tipo Administrador;Tipe d?interface administrateur;
CONFIG;ADMIN_TYPE_TREE;Tree;Tree;Arbol;Organigramme;
CONFIG;ADMIN_TYPE_LAPEL_SECTION;Lapel section;Lapel section;Solapa por seccion;Lapel section;
CONFIG;ADMIN_TYPE_LAPEL_CONTENTTYPE;Lapel content type;Lapel content type;Solapa por tipo de contenido;Lapel content type;
CONFIG;ADMIN_COPETE;Contents hidding resume;Contents hidding resume;Esconder el campo Resumen;Cacher le champ Résumé;
CONFIG;ADMIN_CUERPO;Contents hidding body;Contents hidding body;Esconder el campo Cuerpo;Cacher le champ Texte;
CONFIG;ADMIN_EVENTO;Contents hidding date event;Contents hidding date event;Esconder el campo Evento;Cacher le champ Évenement;
CONFIG;ADMIN_STARTURL;Admin Start url;Admin Start url;Admin url inicio;Admin Start url;
CONFIG;SITIO_SESION;Session mode (auto|pass);Session mode (auto|pass);Modo de la sesión de usuario (auto|pass);Session mode;
CONFIG;;;;;;
CONFIG;SECTION;Section;Section;Sección;Section;
CONFIG;SECTIONS;Sections;Sections;Secciones;Sections;
CONFIG;PARENT;Parent;Parent;Padre;Parent;
CONFIG;SECTIONTYPE;Section Type;Section Type;Tipo de sección;Type de section;
CONFIG;SECTIONTYPES;Section Types;Section Types;Tipos de secciones;Types de sections;
CONFIG;SECTIONNAME;Name;Name;Nombre;Nom section;
CONFIG;SECTIONDESCRIPTION;Description;Description;Descripción;Description section;
CONFIG;SECTIONKEYWORDS;Keywords;Keywords;Palabras clave;Mots clés;
CONFIG;ADDSECTION;Add new section;Add new section;Agregar nueva sección;Ajouter une catégorie;
CONFIG;ADDINGSECTION;Adding section;Adding section;Agregando nueva sección;Nouvelle catégorie en cours;
CONFIG;MODIFYINGSECTION;Modifying section;Modifying section;Modificando sección;Modification catégorie;
CONFIG;DELETINGSECTION;Deleting section;Deleting section;Eliminando sección;Effacement catégorie;
;;;;;;
CONFIG;CONFIGURATION;Configuration;Configuration;Configuración;Configuration;
CONFIG;SECTIONS;Sections;Sections;Secciones;Sections;
CONFIG;CONTENTS;Contents;Contents;Contenidos;Contenus;
CONFIG;CARDS;Cards;Cards;Fichas;Fiches;
CONFIG;TEMPLATES;Templates;Templates;Plantillas;Modèles;
CONFIG;MODULES;Modules;Modules;Módulos;Modules;
CONFIG;TRANSLATIONS;Translations;Translations;Traducciones;Traductions;
CONFIG;FUNCTIONS;Functions;Functions;Funciones;Fonctions;
;;;;;;
CONFIG;CONTENTTYPE;Content Type;Content Type;Tipo de contenido;Type de contenu;
CONFIG;CONTENTTYPES;Content Types;Content Types;Tipos de Contenidos;Types de Contenus;
CONFIG;CONTENT;Content;Content;Contenido;Contenu;
CONFIG;CONTENTS;Contents;Contents;Contenidos;Contenus;
;;;;;;
CONFIG;DETAILTYPE;Detail Type;Detail Type;Tipo de detalle;Type de détail;
CONFIG;DETAILTYPES;Detail Types;Detail Types;Tipos de Detalles;Types de Détails;
CONFIG;DETAIL;Detail;Detail;Detalle;Détail;
CONFIG;DETAILS;Details;Details;Detalles;Détails;
;;;;;;
CONFIG;GROUP;Group;Group;Grupo;Groupe;
CONFIG;GROUPS;Groups;Groups;Grupos;Groupes;
CONFIG;USER;User;User;Usuario;Utilisateur;
CONFIG;USERS;Users;Users;Usuarios;Utilisateurs;
CONFIG;USERSLOG;Users Log;Users Log;Usuarios Log;Utilisateurs Log;
;;;;;;
;;;;;;
CONFIG;ADDSECTION;Add new section;Add new section;Agregar nueva sección;Ajouter une catégorie;
CONFIG;ADDINGSECTION;Adding section;Adding section;Agregando nueva sección;Nouvelle catégorie en cours;
CONFIG;MODIFYINGSECTION;Modifying section;Modifying section;Modificando sección;Modification catégorie;
CONFIG;DELETINGSECTION;Deleting section;Deleting section;Eliminando sección;Effacement catégorie;
;;;;;;
CARD;;;;;;
CARD;ADDCARD;Add a New Card;Add a New Card;Agregar Nueva ficha;Ajouter une fiche;
CARD;ADDINGCARD;Adding card;Adding card;Agregando ficha;Nouvelle fiche en cours;
CARD;MODIFYINGCARD;Modifying card;Modifying card;Modificando ficha;Modification fiche;
CARD;DELETINGCARD;Deleting card;Deleting card;Borrando ficha;Effacement fiche;
CARD;CARDTITLE;Title;Title;Título;Titre;
CARD;CARDTYPE;Type;Type;Tipo;Type;
CARD;CARDBRIEF;Brief;Brief;Resumen;Résumé;
CARD;CARDBODY;Body;Body;Descripción;Texte;
CARD;CARDAUTHOR;Author;Author;Autor;Auteur;
CARD;CARDDETAILS;Details;Details;Detalles;Détails;
CARD;CARDEVENTDATE;Event Date;Event Date;Fecha evento;Data de l'évenement;
CARD;CARDDATEIN;Date In;Date In;Fecha Alta;Date d'entrée;
CARD;CARDDATEOUT;Date Out;Date Out;Fecha Baja;Date de sortie;
CARD;CARDVERIFIED;Viewable/Active;Viewable/Active;Publicado/Habilitado;Visible/Actif;
CARD;CARDKEYWORDS;Keywords;Keywords;Palabras clave;Mots clés;
CARD;CARDMOREFIELDS;More fields;More fields;Más campos;Plus de champs;
;;;;;;
CARD;CARDORIGINATOR;Creator;Creator;Creador;Créateur;
CARD;CARDCREATOR;Creator;Creator;Creador;Créateur;
CARD;CARDEDITOR;Editor;Editor;Editor;Éditeur;
CARD;CARDUPDATE;Last modification;Last modification;Última modificación;Dernière modification;
;;;;;;
CARD;SELECTCONTENT;content;Select content;Seleccionar contenido;Sélection contenu;
CARD;SELECT;Select;Select;Seleccionar;Sélection;
CARD;CHOOSE;Choose;Choose;Elija;Choisir;
CARD;SET;Set;Set;Fijar;Fixer;
CARD;GET;Get;Get;Obtener;Obtenir;
CARD;TEMPLATE;Template;Template;Plantilla;Modèle;
CARD;;;;;;
CARD;BYTITLE;TITLE;TITLE;TITULO;TITRE;
CARD;BYLASTID;last id;last id;último id;dernier id;
CARD;BYORDER;order;order;orden;ordre;
CARD;BYAUTHOR;AUTHOR;AUTHOR;AUTOR;AUTEUR;
CARD;BYDATEOUT;DATE OUT;DATE OUT;BAJA;DATE DE SORTIE;
CARD;BYDATEIN;DATE IN;DATE IN;ALTA;DATE D\'ENTREE;
CARD;BYVERIFIED;VERIFIED;VERIFIED;VERIFICADO;VERIFICATION;
CARD;BYUPDATE;UP DATE;UP DATE;FECHA MODIFICADO;MISE A JOUR;
;;;;;;
CARD;SITETITLE;Site Description;Site Description;Descripción del sitio;Description du site;
CARD;SITEDESCRIPTION;Site Description;Site Description;Descripción del sitio;Description du site;
CARD;SITEKEYWORDS;Site keywords;Site keywords;Palabras clave del sitio;Mots clés du site;
CARD;UP;Up;Up;Arriba;Au-dessus;
CARD;DOWN;Down;Down;Abajo;En-dessous;
;;;;;;
ADMIN;ADMINUSERS;Clients & newsletter members;Clients & newsletter members;Clientes y usuarios del newsletter;Clients et inscrits à la News Letter;
ADMIN;ADDUSER;Add a New User;Add a New User;Agregar un usuario;Ajouter nouveau utilisateur;
ADMIN;ADDADMIN;Add a New Admin;Add a New Admin;Agregar un Administrador;Ajouter un nouvel administrateur;
ADMIN;ADDINGUSER;New User;New User;Nuevo usuario;Nouvel utilisateur;
ADMIN;ADDINGADMIN;New Admin;New Admin;Nuevo administrador;Ajouter administrateur;
ADMIN;MODIFYINGUSER;Editing User;Editing User;Modificando usuario;Modifier utilisateur;
ADMIN;MODIFYINGADMIN;Editing Admin;Editing Admin;Modificando administrador;Modifier administrateur;
ADMIN;DELETINGUSER;Deleting User;Deleting User;Borrando usuario;Effacer utilisateur;
ADMIN;DELETINGADMIN;Deleting Admin;Deleting Admin;Borrando administrador;Effacer administrateur;
ADMIN;EDIT;Edit;Edit;Edit;Editer;
ADMIN;DELETE;Delete;Delete;Eliminar;Effacer;
ADMIN;NEW;New;New;New;Nouveau;
;;;;;;
USERS;USERVERIFIED;Active;Active;Habilitado;Actif;
USERS;USERNICK;Nick;Nick;Nick;Surnom;
USERS;USERPASSWORD;New password;Neues passwort;Nueva contraseña;Nouveau mot de passe;
USERS;USERPASSWORDCONFIRM;Password confirm;Passwort überprüfen;Confirmar Contraseña;Confirmer le Mot de passe;
USERS;USERFIRSTNAME;First Name;Vorname;Nombre;Prénom;
USERS;USERLASTNAME;Last Name;Nachname;Apellido;Nom;
USERS;USERADDRESS;Address;Adresse;Dirección;Adresse;
USERS;USERCP;Zip code;Zip code;Código postal;Code postal;
USERS;USERCONTACT;Contact;Contact;Contacto;Adresse de contact;
USERS;USERFLOOR;Floor;Etage;Piso;Etage;
USERS;USERCOUNTRY;Country;Land;País;Pays;
USERS;USERREGION;Region;Region;Provincia;Région;
USERS;USERCITY;City;Stadt;Ciudad;Ville;
USERS;USERLOCATION;Location;Location;Localidad;Département;
USERS;USERPHONENUMBER;Phone number;Telefon;Teléfono/Fax;Téléphone;
USERS;USERCELLNUMBER;Mobile;Mobile;Celular/Móvil;Portable;
USERS;USERFAXNUMBER;Fax;Fax;Fax;Fax;
USERS;USERINTERNALNUMBER;Internal;Internal;Interno;Interne;
USERS;USEREMAIL;E-mail;E-mail;E-mail;E-mail;
USERS;USEROCCUPATION;Occupation/Enterprise;Occupation/Enterprise;Empresa/Ocupación;Profession;
USERS;USEROFFICE;Office;Office;Oficina;Bureau;
USERS;USERCOMPANY;Company;Company;Empresa;Entreprise;
USERS;USERNATIONALITY;Nationality;Nationality;Nacionalidad;Nationalité;
USERS;USERLANGUAGESPOKEN;Language spoken;Gesprochene Sprache;Idiomas;Langues;
USERS;USERSEX;Gender;Geschlecht;Sexo;Sexe;
USERS;USERBIRTHDATE;Birthdate;Birthdate;Fecha de nacimiento;Date de naissance;
USERS;VERIFICATION;Verification;Bestätigung;Verificación;Vérification;
USERS;USERWEBPAGE;Web page;Web page;Página web;Page web;
USERS;USERLANGUAGES;Languages;Languages;Idiomas;Langues;
USERS;USERPROFILE;User card/profile;User card/profile;Ficha de usuario/Perfil;Fiche utilisateur/Profil;
;MALE;Male;Männlich;Hombre;Homme;
;FEMALE;Female;Weiblich;Mujer;Femme;
;AND;and;und;y;et;
ORDER;;;;;;
;BYFIRSTNAMELASTNAME;FIRST-LAST NAME;VORNAME;NOMBRE;PRENOM;
;BYLASTNAMEFIRSTNAME;LAST-FIRST NAME;NACHNAME;APELLIDO;NOM;
;BYCOUNTRY;COUNTRY;LAND;PAIS;PAYS;
;BYCITY;CITY;STADT;CIUDAD;VILLE;
;BYEMAIL;EMAIL;EMAIL;EMAIL;EMAIL;
;;;;;;
;;;;;;
MESSAGES;MAIL_CONFIRMATION_NEEDED;A mail confirmation has been sent to your mail box. Please read it to activate your account. Check your Spam folder if in 5 minutes you can't find it.;A mail confirmation has been sent to your mail box. Please read it to activate your account. Check your Spam folder if in 5 minutes you can't find it. ;Un email de confirmación ha sido envíado a su casilla de correo. Revise su correo y léalo para activar su cuenta. En caso de no encontrarlo, revise su carpeta de Spam o Correo Basura.;Un email de confirmation a été envoyé a votre boite pour vérifier vos coordonnées. Veuillez le lire afin d'activer votre compte. Si aprés 5 minutes vous ne trouvez pas cet email, vérifiez sur votre dossier Spam (Courrier Poubelle).;
MESSAGES;ADMINISTRATOR_CONFIRMATION_NEEDED;Once your account is checked out by the administrator we will activate your account.;Once your account is checked out by the administrator we will activate your account.;Una vez su cuenta verificada por un administrador será dada de alta y se le notificará.;Une fois votre compte vérifié para un administrateur, il sera activé et vous serez notifié.;
MESSAGES;INVALIDACTIVATIONCODE;Invalid activation code;Invalid activation code;Código de activación inválido;Code d\'activation invalide;
MESSAGES;ACTIVATIONFAILED;Activation failed, try again or register;Activation failed, try again or register;Error de activación, intente nuevamente o registrese;Problême d\'activation, essayer à nouveau ou enregistrez vous.;
MESSAGES;ACCOUNTACTIVATED;Your account was succesfully activated;Your account was succesfully activated;Su cuenta ha sido activada;Votre compte est activé;
MESSAGES;CLICKTOACTIVATE;Follow this link to activate your account;Follow this link to activate your account;Siga este enlace para activar su cuenta;Suivez ce lien pour activer votre compte;
MESSAGES;ACTIVATEACCOUNT;Activate your account;Activate your account;Finalizar registro;Activater votre compte;
MESSAGES;UPDATEACCOUNT;Update account;Update account;Actualizar datos;Actualizez votre compte;
MESSAGES;SETUP_COMPLETE;Setup complete!!;Setup complete!!;Configuración completada!!;installation complète!!;
MESSAGES;RECORD_CREATED;Record succesfully created;Record succesfully created;Registro creado exitosamente;Enregistrememt créé;
MESSAGES;RECORD_DELETED;Record succesfully deleted;Record succesfully deleted;Registro eliminado exitosamente;Enregistrememt éliminé;
MESSAGES;RECORD_UPDATED;Record succesfully updated;Record succesfully updated;Registro actualizado exitosamente;Enregistrememt modifié;
MESSAGES;RECORD_DELETION_WARNING;WARNING! You are about to delete a record.;WARNING! You are about to delete a record.;Atención! Usted está por eliminar un registro.;ATTENTION! Vous allez éliminer un enregistrement.;
MESSAGES;MULTIPLE_DELETION_WARNING;Are you sure to delete this ad ?;Sind sie sicher, dass sie diese Annonce löschen wollen?;Borrará los registros seleccionados. ¿Está seguro?;Etes-vous sûr de vouloir effacer cette annonce ?;
MESSAGES;MULTIPLE_ACTIVATION_WARNING;Are you sure to activate this ads ?;Sind sie sicher, dass sie diese Annonce löschen wollen?;Activará los registros seleccionados ¿Está seguro?;Etes-vous sûr de vouloir activer ces annonces ?;
MESSAGES;MULTIPLE_DEACTIVATION_WARNING;Are you sure to deactivate this ads ?;Sind sie sicher, dass sie diese Annonce löschen wollen?;Desactivará los registros seleccionados ¿Está seguro?;Etes-vous sûr de vouloir désactiver ces annonces ?;
MESSAGES;NO_RECORD_SELECTED;No records selected.;No records selected.;No hay registros seleccionados.;Aucun enregistrement n?a été choisi.;
MESSAGES;SECTIONISNOTEMPTY;Cannot delete this section, there are contents linked to thy.<br>Only empty sections can be removed.;Cannot delete this section, there are contents linked to thy.<br>Only empty sections can be removed.;No se puede borrar la sección ya que tiene contenidos asociados a ella.<br> Sólo está permitido borrar una sección vacía.;Vous ne pouvez pas éliminer cette section. Des enregistrements y sont liés.<br>Seul les sections vides peuvent être éliminées.;
MESSAGES;CONFIRMATION;Are you sure?;Sind Sie sicher ?;¿Usted está seguro?;Etes-vous sur?;
MESSAGES;MUST_SELECT_A_TYPE;you must select a type before adding a card;you must select a type before adding a card;Debe seleccionar un tipo antes de agregar una ficha.;Vous devez choisir un type avant d?ajouter une fiche;
MESSAGES;THANKS;Thanks;Danke schon;Gracias.;merci;
MESSAGES;GOODBYE;Goodbye;Auf wiedersen;Hasta pronto.;Au revoir;
MESSAGES;HELLO;Hello;Guten Tag;Bienvenido.;Bonjour;
MESSAGES;PASSWORDRECOVERY;Password recovery;Password Recovery;Recuperación de contraseña;Rappel de mot de passe;
MESSAGES;PASSWORDRECOVERYSUBJECT;This a message from you site;This a message from you site;This a message from you site;This a message from you site;
MESSAGES;MUSTINSERTMAIL;you must complete your email.;you must complete your email.;Debe completar su email.;Vous devez compléter votre mail.;
MESSAGES;PASSWORDMAILSENT;Your password has been sent to your email box.;Your password has been sent to your email box.;Su contraseña ha sido enviada a su casilla de correo.;Votre mot de passe vous a été envoyé sur votre boîte email.;
MESSAGES;UPDATEYOURDATA;Update your client data if needed.;Update your client data if needed.;Actualize sus datos en caso de ser necesario.;Actualisez vos données si nécessaire.;
MESSAGES;MAILSENT;We have received your request and we will process it immediately.;Wir haben Ihre Anfrage erhalten und werden diese umgehend bearbeiten.;Hemos recibido su consulta y le vamos a contestar lo mas pronto posible.;Nous avons bien reçu votre demande et allons la traiter dans les meilleurs délais.;
;;;;;;
;;;;;;
ERRORMESSAGES;LOGERROR;Sorry, your log-in was incorrect. Please review the fields.;User or password incorrect, please try again.;Usuario incorrecto o contraseña incorrecta, por favor intente nuevamente.;Log-in incorrect. Veuillez compléter les champs s'il vous plait.;
ERRORMESSAGES;ERROR;ERROR;ERROR;ERROR;ERREUR;
ERRORMESSAGES;QUERY_ERROR;QUERY ERROR;QUERY ERROR;QUERY ERROR;ERREUR DE REQUETE;
ERRORMESSAGES;ROOT_ADMIN_ERROR;Root cannot be deleted;Root cannot be deleted;El usuario root no puede ser borrado;L'admin Root ne peut être eliminé;
ERRORMESSAGES;NOACTIONDEFINED;ERROR: no action defined;ERROR: no action defined;ERROR: no se definió ninguna acción;ERREUR: pas d?actions définies;
ERRORMESSAGES;PERMISSION_NOT_GRANTED;permission not granted;permission not granted;permisos requeridos;sans permission;
ERRORMESSAGES;RECORD_CREATION_ERROR;ERROR on create record;ERROR on create record;ERROR en la creación de registro.;ERREUR création enregistrement;
ERRORMESSAGES;RECORD_UPDATE_ERROR;ERROR on update record;ERROR on update record;ERROR en la modificación de registro;ERREUR modification enregistrement;
ERRORMESSAGES;RECORD_DELETE_ERROR;ERROR on delete record;ERROR on delete record;ERROR en la eliminación de registro;ERREUR élimination enregistrement;
ERRORMESSAGES;WARNING;WARNING;WARNING;CUIDADO;ATTENTION;
ERRORMESSAGES;FILE_NOT_FOUND;File not found.;File not found.;Archivo no encontrado.;Fichier introuvable.;
ERRORMESSAGES;UPLOAD_ERROR;Error uploading file.;Error uploading file.;Error al subir el archivo.;Erreur upload fichier.;
ERRORMESSAGES;FIELD_REQUIRED;Required field;erforderliches Feld;Campos requeridos;Champ requis;
ERRORMESSAGES;FIELDSAREMISSING;Fields are missing;erforderliches Feld;Hay campos requeridos.;Des champs manquants;
ERRORMESSAGES;RECORD_NOT_FOUND;Record not found.;Record not found.;Registro no encontrado.;Enregistrement introuvable.;
ERRORMESSAGES;RECORD_UPDATE_ERROR;Couldn't update the record.;Couldn't update the record.;No se pudo actualizar el registro.;Modification de l?enregistrement impossible.;
ERRORMESSAGES;RECORD_DELETION_ERROR;Couldn't delete the record.;Couldn't delete the record.;No se pudo borrar el registro.;Elimination de l?enregistrement impossible.;
ERRORMESSAGES;RECORD_CONSTRAINT;There's another record linked to this one. You cannot delete a linked record.;There's another record linked to this one. You cannot delete a linked record.;Existe otro registro asociado a este registro. Deberá el eliminar las referencias a este registro.;Un autre enregistrement est lié a celui-ci. Il est interdit d?éliminer un enregistrement lié.;
ERRORMESSAGES;MAILNOTSENT;Email could not be sent, please check that field's data is correct. Fill the form and press Send button.;Email konnte nicht gesendet werden, bitte überprüfen sie die eingegebenen Daten.;Email no puedo ser enviado, por favor verifique que los datos sean correctos. Complete el formulario y presione Send.;Votre email n'a pas pu être envoyé.<br/> Merci de vérifier que les champs sont correctement renseignés.;
ERRORMESSAGES;REQUIREDFIELD;Required field;Erforderliches Feld;Campos requeridos;Champ requis;
ERRORMESSAGES;INVALIDEMAIL;Invalid email;Ungültige E-Mail;Email inválido;Courrier incorrect;
ERRORMESSAGES;NICKNOTAVAILABLE;This email is already registered, insert a new one;This email is already registered, insert a new one;Este email ya ha sido registrado, ingrese uno nuevo.;Email déjà utilisé, veuillez essayer un nouvel email.;
ERRORMESSAGES;MAILUNREGISTERED;User unregistered;Your email is not registered.;Su email no se encuentra registrado;Utilisateur non enregistré.;
ERRORMESSAGES;CLIENTALREADYREGISTERED;User already registered;User already registered.;Usuario ya registrado;Utilisateur déjà.;
ERRORMESSAGES;SIGNOUTTOREGISTER;Sign out to register;Sign out to register;Sign out to register;Sign out to register;
ERRORMESSAGES;WRONGVISUALCONFIRMATIONCODE;Wrong visual confirmation code;Wrong visual confirmation code;Código de verificación visual incorrecto;Code de vérification visuelle incorrect;
ERRORMESSAGES;PASSWORDCONFIRMATIONFAILED;Passwords do not match. Please re-enter.;Die Passwörter stimmen nicht überein. Bitte erneut eingeben.;Las contraseñas no coinciden. Prueba otra vez.;Les Mots de Passe ne correspondent pas. Réessayez s'il vous plait.;
ERRORMESSAGES;LOGINORREGISTER;Log in or register.;Log in or register.;Inicie sesión, regístrese como proveedor o haga su consulta.;Enregistrez vous;
